{
    "addio": "Au revoir",
    "aiuto": "Dieu aide moi",
    "alto": "Haut",
    "arancione": "orange",
    "armadio": "L'armoire",
    "basso": "Bas",
    "batteria": "Tambours",
    "bianco": "blanc",
    "biondo": "blond",
    "blu": "bleu",
    "divano": "Sofa",
    "giallo": "jaune",
    "login": "Se connecter",
    "monitor": "Moniteurs",
    "moro": "Moro",
    "nero": "noir",
    "presto": "Très tôt",
    "rosa": "rose",
    "roscia": "rouge",
    "rosso": "rouge",
    "schermo": "Écran",
    "tardi": "Très tard",
    "tastiera": "Clavier",
    "verde": "vert",
    "viola": "alto",
    "welcome": "Accueillir"
}