{
    "addio": "Arrivederci",
    "aiuto": "Dio Aiutami",
    "alto": "Alto",
    "arancione": "arancione",
    "armadio": "Armadio",
    "basso": "Basso",
    "batteria": "Batteria",
    "bianco": "bianco",
    "biondo": "biondo",
    "blu": "blu",
    "divano": "Divano",
    "giallo": "giallo",
    "login": "Accedi ora",
    "monitor": "Monitor",
    "moro": "Moro",
    "nero": "nero",
    "presto": "Molto presto",
    "rosa": "rosa",
    "roscia": "roscia",
    "rosso": "rosso",
    "schermo": "Schermo",
    "tardi": "Molto tardi",
    "tastiera": "Tastiera",
    "verde": "verde",
    "viola": "viola",
    "welcome": "Benvenuto"
}