{
    "addio": "Adiós",
    "aiuto": "Dios ayúdame",
    "alto": "Alto",
    "arancione": "naranja",
    "armadio": "Armario",
    "basso": "Bajo",
    "batteria": "Batería",
    "bianco": "blanco",
    "biondo": "rubio",
    "blu": "azul",
    "divano": "Sofá",
    "giallo": "amarillo",
    "login": "Acceso",
    "monitor": "Monitores",
    "moro": "moro",
    "nero": "negro",
    "presto": "Muy temprano",
    "rosa": "rosa",
    "roscia": "rojo",
    "rosso": "rojo",
    "schermo": "Pantalla",
    "tardi": "Muy tarde",
    "tastiera": "Teclado",
    "verde": "verde",
    "viola": "viola",
    "welcome": "Bienvenido"
}